{"cameraMode":{"drawMode":0,"name":"Shaded","section":"Shading Mode"},"sceneLighting":true,"audioPlay":false,"sceneViewState":{"m_AlwaysRefresh":false,"showFog":true,"showSkybox":true,"showFlares":true,"showImageEffects":true,"showParticleSystems":true,"showVisualEffectGraphs":true,"m_FxEnabled":true},"in2DMode":false,"pivot":{"x":-3.360952377319336,"y":-22.944595336914064,"z":32.003273010253909},"rotation":{"x":0.050587061792612079,"y":-0.9098078608512878,"z":0.3952198326587677,"w":0.11637445539236069},"size":36.92544174194336,"orthographic":false}